Name,iCloud Reviews,rating,recommended rating,date
"Marine M.


Verified LinkedIn User","""Why you still don't have Google Photos ?
                    ""
Overall: I love google photos
                    a lot. Easy to use, safe and secure. It is like your life summary. I like to spend time there
                    scrolling up and down wathing all my photos from different years for hours. It is like my digital
                    photo album. 
Pros: Google photos is the app I
                    love! Simply, because all my photos from years are securely stored there. Since 2016, all my life is
                    there. This is an excellent photo and video storage app, private, secure. I gather all my photos
                    there and if I need to shate them, I create a folder with specific photos and add the recipient's
                    email address, they get an email with the link, click and access to the photos shared with them.
                    Deleted files can be restored if you changed your mind and want to keep them. You get amazing
                    suggestions daily, it can be as a collage, or story with random photos selected. You see them only,
                    not shared with anyone.
                    Another great function - when you want to search for the dress in the photo for example, there is an
                    icon you press on it and it brings you the search result from Google. Image search on Google is
                    great. There was a plant I didn't know the name, I took a photo and from Google photos did an image
                    search, got the name of that plant. 
Cons: I do not like when I run
                    out of storage. This happens regularly, I do not want to pay for additional storage, instead, I use
                    different email addresses. Each new email address yoy use in Google photos offers 15 GB storage.
                
Switched From: iCloud
Reasons for Switching to
                        Google Photos: Google photos has a more dynamic interface, modern
                    outlook. Way easier to handle. iCloud is too complicated, I always see half the photos.",5,10-Oct,16-Jun-22
"Mary
                            Jane C.","""I love Google, they are my favorite computer
                    company and they just WORK!""
Overall: Every program that
                    works and intergrades without problems, fighting, and just plain works is amazing and Google is
                    Amazing for it! It requires less frustration, less time, quicker turnaround work and speeds, it
                    creates efficiency at its best!
Pros: Access, file transfer,
                    ability to view, Google just not fight with other integrations and programs they are the master!
                
Cons: In our world we always want
                    criticism. What can I do better. Keep updating, keep staying in tune with out every changing
                    electronic world, it will always change and it will alway grow and I just hope you stay in the game
                    a don't back down!
Alternatives Considered:
                    Canva and Adobe Photoshop
Reasons for Choosing
                        Google Photos: I have about 20+ different photo editing and graphic
                    programs and have used many more over the years and will continue to use whatever works for me! I
                    use them all! But Google just Works with everything and there is hands down nothing else that
                    compares to that ability and flexibility. I respect them!!",4,10-Oct,7-Sep-23
"Alicia K.


Verified LinkedIn User","""Too confusing to be worth the coolness""
                
Overall: The best thing about
                    it is that it integrates so well with your phone. That and image-recognition search. But I don't use
                    it because I don't want to be confused between my actual files and Google versions of my files.
                
Pros: Easily find photos by AI
                    recognition, date, and albums.
Cons: Confusing to maintain the
                    device vs cloud database, and some things like videos can't be downloaded.",3,10-May,9-Nov-22
"Fara
                            R.","""Google photos is all I use ""
Pros: I like that I can buy more
                    storage, I can print photos easily, I can save and backup photos directly from my camera or from
                    other apps.
Cons: I love Google Photos and
                    will continue using it.",2,10-Oct,20-Jan-24
"Damon
                            F.","""My review of Google Photos""
Overall: Overall, I have
                    really enjoyed using it. I tell other people to use Google programs such as Google photos when I
                    hear them talking about photo storage. 
Pros: What I like most is how
                    secure my photos are, and the fact that it sink soap with everything else that I use on the Google
                    suite. Accessibility is still very easy for me but very hard for others to get into. And I can still
                    transfer photos without too much hassle.
Cons: There‚Äôs honestly not
                    anything that I don‚Äôt like about Google Photos. I have tried several other avenues in the past to
                    back up photos and this is by far my favorite. Have not found a feature that I don‚Äôt like yet. I‚Äôm
                    not saying it‚Äôs completely perfect because there‚Äôs always room for improvement. But right now it‚Äôs
                    suits all of my needs. Now that I‚Äôm thinking about it would it be possible to sync google photos
                    with Canva?
Switched From: Shutterstock Editor
Reasons for Switching to
                        Google Photos: I tried shutter stock and it really wasn‚Äôt anything
                    wrong with it. I just like Google photos a little better and that‚Äôs what I‚Äôm used to using so I
                    stayed with that.",1,10-Oct,1-Nov-22
Safiya N.,"""Search by face""
Overall: I use Google Photos
                    to backup what I have on my phone, not everything but still tons of photos and videos. Love
                    searching by location or face, love the new magic eraser, also cinematic moments.Google Photos does
                    more with the photos/videos than Google Drive and that's why I also use it.
Pros: Look for photos according
                    to location or faces, enhance, edit, share. Memories and albums.Some storage free, still low cost
                    after. 
Cons: No more unlimited for free.
                    Such a bummer!Also I want to group photos temporarily for comparison.
Alternatives Considered:
                    FlickRocket
Reasons for Choosing
                        Google Photos: Love Google Drive already
Switched From: NordLocker
Reasons for Switching to
                        Google Photos: To use something easier for photos/videos that don't
                    need to be kept under lock and key.",3,10-Oct,21-Oct-22
"Zane
                            T.


Verified LinkedIn User","""My go-to cloud storage for all my photos
                    ""
Overall: Exceptional! Been a
                    user since the start of Google photos. 
Pros: Ease of use and fast
                    real-time sync makes google photos the best, especially for android users. 
Cons: The highlights feature
                    tends to be buggy but it's the least used feature of google photos for my needs. 
Alternatives Considered:
                    AWS CloudFormation
Reasons for Choosing
                        Google Photos: Ease of use and mobile access. 
Switched From: iCloud
Reasons for Switching to
                        Google Photos: Switched to an android phone, so google photos were more
                    user-friendly.",3,10-Oct,2-Jun-22
"Muhammad Aamer K.


Verified LinkedIn User","""Google photos is the best cloud storage for your
                    media""
Overall: My overall
                    experienced with google photos is great. I like it for it synchronized backup system i like its
                    recovery I like its editing functionality and i like it because i have upto 15 gbs of free cloud
                    storage
Pros: Google Photos is such a
                    great platform that you will like everything about it, I mean It can take backup of your media
                    files(photos and videos) automatically and there your data is very very secured. You have full
                    options of gallery so you can use google photos to view your images and videos right there and
                    delete from your device. You can recover the data if you deleted by mistakes and the best part is
                    that you can also edit your images and videos.
Cons: The thing i like the least
                    about it is that it does not have a separate storage i mean you get a free 15 GBs which is shared by
                    your whole google account like gmail drive and photos",5,10-Oct,14-Dec-23
Animesh G.,"""Let Google Photos manages your memories and
                    moments, you never will regeret.""
Overall: I have been using
                    Google Photos since last more than 5 years now it's really been a tremendous experience for me, I
                    really like the features like face recognition search, UI, ease of usage, specific search and
                    memories and timelines.
Pros: Face recognition photo
                    separation, specific search, timelines, memories.
Cons: Sometimes it asks few
                    questions I agree that it is to make the algorithms better but it annoys sometimes.",5,10-Oct,6-Nov-23
"Norma
                            D.","""Google Photos""
Overall: Over all my
                    experience with Google photos is going great
Pros: What I like most about
                    Google photos is that you can share al with others
Cons: I really do not have any
                    conns with Google Photos",5,10-Oct,30-Oct-23
Tushar G.,"""Google Photos review""
Overall: Overall, I had a
                    positive experience with Google Photos. I really like to store their photos and videos in the cloud
                    and access them from any device.
Pros: - Free storage of upto 15
                    GB- Easy to use with a simple interface that is easy to navigate. - Amazing search capabilities to
                    automatically categorize and tag photos.
Cons: - Loss of original quality
                    as it compresses photos and videos to a lower quality to save space. - Limited editing options -
                    Slow loading over the cloud.",5,10-Aug,6-Apr-23
Vinoth D.,"""Save Your Memories with Google Photos""
                
Pros: Best Cloud Storage App for
                    photos.We can do immediate backup and can access from anywhere at anytime.It will make you mind
                    blowing with your memories everyday.We can Easily search the particular person's photos.
Cons: Data consumption is more
                    otherwise extraordinary.",3,10-Oct,13-Jun-23
Aviral B.,"""Google Photos Review""
Overall: It has been really
                    good experience so far. I have never faced any problem in this software. It has a unique search
                    feature where you can write any sentence and it will show you a picture containing that text.
Pros: Face Recognition Feature is
                    really good. It just requires a basic identification of the photo. After that it displays all the
                    photos of similar face in a single click.
Cons: They should provide some
                    more free space to everyone. Apart from that everything is perfect.",3,10-Sep,30-Aug-22
Keerthi N.,"""Best Google app""
Overall: Very good 
Pros: Best Google app used by
                    people worldwide. Has free cloud storage service, we can share, edit photos through Google photos.
                    Automatic backup options available. We can access photos on Google photos through any device. Photos
                    are stored according to date so search options are easy.
Cons: Password protection option
                    not available. More editing options are required",3,10-Sep,23-Oct-22
Jonathan L.,"""J.L. Google Photos Review""
Overall: Google Photos is a
                    software that I can count on to keep my files secured and updated with the latest files I have
                    intentionally or not store any files that were on my other devices such as a smartphone, tablet or
                    desktop computer.
Pros: They categorize my photos
                    by what is seen in them. For example, if I have three photos of dogs and 4 photos of food, they will
                    conveniently create folders and store those files in them. So, when I open Google Photos the home
                    page will show me my files in the various categories. 
Cons: As someone who is currently
                    unable to get a credit card, I am unable to purchase more storage when my free 15GB are full. This
                    results in me moving to another software or creating another Google account to store my files there.",3,10-Aug,5-Jan-23
Aishwary M.,"""Essential application for efficient storage and
                    sorting of all photos across multiple devices. ""
Pros: It is very easy to use and
                    most of the features are automated thus any user without any in-depth knowledge be sure that his
                    photos will be secure and backed-up
Cons: The free tier only provides
                    15gb of space and can provide more storage in free tier.",5,10-Oct,23-Dec-22
"Allen
                            E.


Verified LinkedIn User","""Simple and fun""
Pros: I love the stylized photos,
                    films looks backs and ease of finding the pic I need based on face location and more
Cons: Not much, this is a simple
                    to use app that frees up space on your phone and make it easy to work with",5,10-Oct,15-Jul-22
Sabrina F.,"""Greatness ""
Overall: It‚Äôs an amazing app
                    to use to secure and cherish memorable moments.
Pros: That even if I lose my
                    phone I am still able to gain access to important photos. 
Cons: May sometimes take awhile
                    to gain access to all photos.",5,10-Oct,11-Aug-22
Allison M.,"""I love Google photos!""
Overall: I've had nothing but
                    a good experience with Google photos
Pros: It's easy to use and
                    navigate. Never have to worry about losing anything
Cons: I have no dislikes when it
                    comes to Google photos",5,10-Oct,17-Aug-22
"Britt
                            M.","""User friendly cloud app for photos""
Overall: Since the time that I
                    use Google Photos I can keep all the pictures that I take, even the ones that are maybe not good for
                    publication. I love to see what happened many years ago this day/week and it is easy to edit
                    pictures. 
Pros: I like Google Photos
                    because of the easy search functions, that you can organise your photos as you want, not only at
                    date. Don't need to be worried that you loose any of them thanks to the back up function. Extra
                    features as collage and others are fun.
Cons: Too bad that the quality of
                    the pictures are max 16 megapixel.",5,10-Oct,8-Nov-22
"Amanda C.


Verified LinkedIn User","""Google Photos will always have your backup
                    ""
Overall: Excellent 
Pros: The automatic backups and
                    the safe keeping of my photos. 
Cons: That it will stop backing
                    up if you miss your subscription",3,10-Oct,25-Dec-22
"Ludmila V.


Verified LinkedIn User","""Google Photos using ""
Overall: I need it for
                    uploading and then sending photos by email. 
Pros: big storage my photos, easy
                    find exact photos, get photos in library, make album, easy modifications 
Cons: without problems, I am
                    completely satisfied",3,10-Oct,8-Apr-23
Sabrina T.,"""Awesome ""
Pros: It stores your pictures,
                    then you don‚Äôt need to keep them on your device.
Cons: There is nothing I don‚Äôt
                    like about it!!",3,10-Oct,24-Aug-22
Tiffany B.,"""Google photo is the number one choose for
                    storing, organising and sharing photos and videos.""
Pros: What features are mostly
                    impactful is the automatic backup and save your device storage .
Cons: The feature that could be
                    improve is the editing function. The aspect that was difficult for me to use is to save to device.
                    It was also difficult to with my existing business process.",3,10-Oct,16-Sep-22
"ashar
                            W.","""Nice to have""
Pros: It build in to the android
                    phones and auto save photos when taken to cloud from the camera app.
Cons: It not easy to use for
                    photo editing and lack feature compared to others.",3,10-Jul,2-Jun-22
"Raj
                            K.


Verified LinkedIn User","""Get all your memories in one place!""
Overall: The app can handle a
                    large volume of photos without a hiccup, and you get excellent photo album services for up to 15 GB
                    without paying anything. That is more than enough for an average user. The app has simplified our
                    lives, always at our beck and call to retrieve our memories!
Pros: 1. Google Photos neatly
                    organizes all your photos, screenshots, videos, animations, etc., and lets you search them in
                    whatever way you like.
                    2. You can search for persons, places, items, docs, etc. The incredible search facility lets you
                    organize your photo collection and pinpoint a specific shot in no time.
                    3. The library keeps all your albums on the cloud. Google's Artificial Intelligence automatically
                    prepares theme-based albums for you.
                    4. The Recent Highlights feature showcases the images you clicked in the last few days. Similarly,
                    the Spotlight feature automatically takes a person's best picks and creates a collage.
                    5. It can automatically spot similar shots giving you the flexibility to keep any or all of them.
                    6. You can share your albums with your near and dear ones or everyone.
                    7. The feature of sharing your photos with your partner by adding a partner account is fantastic.
                    The moment your partner clicks a picture, you can see the snap instantly from the cloud storage.
                    8. Every email account gets 15GB of free storage. If you ever feel that space is insufficient, you
                    can always buy more storage space at nominal rates.
                    9. Google Photos sends stylized photos and animations; more often than not, they are excellent.
                    10. It is also possible to alter the quality of the photo backup ‚Äì ranging from original to medium.
                    The cloud backup ensures that your photos are safe, even if you lose your device.
                
Cons: 1. Free storage of 15 GB is
                    not enough and gets filled up pretty fast when you allow backup of videos or insist on original
                    quality. If your storage gets exhausted, you lose proper access to all Google services that are
                    storage based. Your emails will not come in the inbox, which is very awkward.
                    2. You require excellent Wi-Fi and mobile internet to reap the full potential of this app;
                    otherwise, most of your photos will not be backed up, or you may not access your snaps when needed.
                    3. The face recognition feature is not perfect, and you need to train the app to confirm that the
                    faces are of different persons.
                    4. The safety of your data is a big issue, and you may not be entirely immune to data-based
                    advertisements.
                    5. You can't merge the storage space of multiple email accounts. One of your accounts may be out of
                    storage, while others may be almost empty.",3,10-Oct,23-Jul-22
"H√®lia
                            T.","""Best cloud for photos""
Overall: This is a great cloud
                    photo app that works very well on mobile. I don't have to be concerned about running out of storage
                    space on my phone. Even if I erase photographs from my phone to save up space, they are all backed
                    up and protected.
Pros: I love how the Google
                    Photos algorithm works very well to detect faces and use this feature to keep shared albums updated
                    automatically. The heat map with photo locations is also amazing. All the metadata is well preserved
                    in the file so it works fine while searching and finding older photos. It also allows you to change
                    the dates and hours of your images if necessary. The mobile app is also great in saving memory by
                    making quickly uploading and detecting of backup files.
Cons: I am very sad the free
                    storage of high-quality photos is gone though the paid plan isn't prohibitively costly for the
                    average user. It also could have improved photo edit tools 
Alternatives Considered:
                    Photobucket
Switched From: Dropbox Business, ACDSee Pro and iCloud",3,10-Oct,30-May-22
"Rahul
                            R.","""Best platform to back up and secure photos""
Overall: My overall experience
                    with the software was great as I use it on daily basis. Most of the time I need to access old photos
                    for editing and designing purposes and Google Photos helps me to store and access them on tip of my
                    fingers. This is great software and will definitely help users looking for good and secured cloud
                    storage.
Pros: The platform is great as it
                    has a storage of 15 GB for storing your data or photos. Which helps you to secure a large amount of
                    data on it. You can access all of your already backed-up photos from anywhere and anytime this is
                    the best part of Google Photos. It also helps to find photos by different types of search tools and
                    options. One of the best apps with a good interface and smooth user experience.
Cons: Although the software is
                    great and very useful but there is something which can be improved like the software will only let
                    you access the photos if there is an Internet Connection. The storage can also be increased as
                    sometimes even 15 GB is not enough for storing all your data. There should be some more editing
                    tools other than the basic ones.
Switched From: Google Sheets",3,10-Sep,11-Oct-22
"Ansh
                            R.","""Best software to protect your visual data.""
Overall: Would recommend it to
                    everyone as Google is the most trusted platform and will provide you the best service with the best
                    security system. Just go for it guys you don't need to use this software also just keep the
                    automatic backup on and everything will be done by the software for you.
Pros: The app is free of cost and
                    this is the best thing about the app it has a storage of 15 GB approximately which is capable of
                    storing lots of data. You can just switch on the automatic backup option in the app and your all
                    photos and videos will get back up by themselves. You can access them back again whenever you want
                    to. Nothing can be better then this.
Cons: Everything is great but I
                    think the storage capacity should be improved by Google. As for a photogenic guy who clicks photos
                    every day it doesn't take much time to get your storage full. The app fully works on the Internet
                    connection and it will not work offline this is something which Google need to work on making it
                    compatible when a device is offline too.
Switched From: Google Sheets",3,10-Sep,12-Sep-22
Majmoon A.,"""Perfectly Impressive, Useful & Exciting Features
                    üëçüèª""
Overall: Overall, Google
                    Photos is very useful and helpful for me. I use this software for storing my pictures and videos,
                    for freeing up space from my phone's storage, for sharing the data with my family members and I save
                    the stories which Google Photos automatically made from the past memories.
Pros: Every feature of Google
                    Photos is impactful. I mostly like the stories which Google Photos automatically make for us to give
                    a reminder of our past memories, i oftenly save these stories. I like the 'free up space' feature.
                    It helps to free up our phone's storage. The editing tools given are quite impressive because some
                    of its editing tools are not given in even other editing applications, specially the video
                    stabilising tool is very useful for me, it stables the shakiness of the video. It's a nice an
                    amazing software, i love it.
Cons: Everything in this software
                    is perfect except the given storage space, in my point of view. There must be given more storage
                    space or the storage buying price should be reduced, it's quite high. So that we can use this
                    software to a more extent level and can use it's amazing features.",5,10-Oct,17-Nov-22
"Roque
                            Fabian R.


Verified LinkedIn User","""El mejor servicio para resguardar tus im√°genes y videos""
                
Overall: Sin duda el mejor
                    sofware para gestion de fotos y videos.
Pros: Por la facilidad de
                    realizar backups de tus fotos y videos autom√°ticamente. Y lo mejor que tiene es el borrado de los
                    archivos que tengamos resguardados, una soluci√≥n practica con un solo clic, de esa forma ahorras
                    espacio en tu celular o dispositivo y no pierdes nada. Luego en la versi√≥n paga es muy bueno para
                    retocar las im√°genes. La facilidad de buscar por una palabra im√°genes y la agrupaci√≥n autom√°tica por
                    detecci√≥n de rostros es genial, si quieres encontrar las fotos de alg√∫n conocido solo lo tienes que
                    seleccionar y te encontrar√° en todas las fotos que haya aparecido, genial, ningun otro servicio vi
                    que funciona similar.
Cons: Dej√≥ de ser ilimitado en su
                    version gratuita, y aunque ofrece una version paga no convence el precio ya que acostumbr√≥ a una
                    generaci√≥n con su version gratuita. 
Reasons for Choosing
                        Google Photos: Por la rapidez en la busqueda por rostros y/o objetos. Si quieres buscar
                    un auto solo pones en buscar auto y te mostrar√° los resultados de las fotos que tengan un automovil
                    en tu galeria.",5,10-Sep,3-Apr-23
"Miguel C.


Verified LinkedIn User","""Ideal para backup de Fotos y videos de tu dispositivo
                    m√≥vil.""
Overall: Backup de archivos de
                    fotos y videos a la nube que de otra forma podrian perderse. y como se integra con Android , es
                    bastante mas versatil que otras apps de la competencia.
Pros: La sincronizaci√≥n de los
                    archivos casi en tiempo real, y la organizaci√≥n general de los archivos, con capacidad de compartir
                    mediante un link sin tener que tener cuenta en Google para acceder a ellos. y una muy buena
                    integraci√≥n con Android.
Cons: Lo malo es que te quedas
                    corto de espacio de almacenamiento, y esto es algo que se comparte entre ""Fotos"" Google Drive y
                    Gmail, por lo que puede pasar r√°pidamente. Aun asi.. el plan de adquirir 100GB de almacenamiento no
                    est√° muy caro y mayormente aparece con descuentos. (lo malo es que hay que pagarlo por mes... )",5,10-Sep,15-Jun-23
"Verified Reviewer


Verified LinkedIn User","""Google Photos Review""
Overall: Google Photos has
                    been a critical tool in the advance of my business.I can share files that are needed by the team in
                    a very short time.
                    Also, I do not have to worry about my photos getting lost as they are automatically backed up and
                    the software ensures the total safety of my files.
Pros: I liked the Automatic
                    Backup Feature most as I do not have to worry about my photos and videos getting lost.
                    Apart from that,Google Photos is appealing as it is secure and I can access my files from multiple
                    devices,which is totally awesome.
Cons: The free storage space can
                    be increased a little bit from 15GB to enable users to utilize Google Photos a lot more.
Reasons for Switching to
                        Google Photos: The software I was using previously before shifting to Google Photos
                    does not have a lot of functionality as compared to Google Photos. Google Photos has eased my life a
                    lot and I cannot use any other software as it is simply the best.",5,10-Oct,30-Sep-22
"Elyn
                            H.","""Good Free Software""
Overall: It is easy to use. I
                    can fill out property management reports with the photos I have there. But it is not good for making
                    saleable stock images.
Pros: It is easy to use if all
                    you want to do is take and share low- to medium- quality photos. It automatically backs up
                    everything, so you can find it immediately on your other devices. the photo editor is easy to use
                    and has good custom filters, cropping and rotation to apply quick fixes.
Cons: Unfortunately, when you
                    start working with big photos it becomes a problem. It would be nice if it did not automatically
                    backup those, since I was planning to store them somewhere else anyway. Any edits revert the photo
                    to the lower quality small size, so the photo editor becomes useless. It is difficult to go back a
                    few years and delete photos that you no longer need, and you will exceed your storage quota.",3,10-Jul,26-Aug-22
Alessio T.,"""Strongly recommend""
Pros: For a free tool it's
                    phenomenal. 15GB of space doesn't seem like a lot, but I've been using it for years without filling
                    even half of the space. A valuable ally for sharing albums and photos with others. The photos are
                    loaded with a compression that does not compromise the general quality, this implies a lot of space
                    saved: for me it is exceptional.
Cons: I haven't found any defects
                    in general, except that the automatic synchronization is not always perfect, it waits for me to
                    upload the photos autonomously and other times it happens automatically, randomly and unprogrammed.",3,10-Oct,20-Mar-23
"Julia
                            A.","""Best Photo Storage""
Pros: I use Google Photos for
                    everything photo related. It is my primary photo storage. I love that I can access my photos from
                    any device, in real time. I take pictures with my phone, and they are automatically uploaded to my
                    Google Photos account and viewable from my computer immediately. It also allows me to make Albums,
                    which helps with organization. It is very easy to use.
Cons: My only complaint is that I
                    have only learned how to save pictures from my Google Photos account to my computer hard drive one
                    at a time. I have not learned how to save several at once, if this is a possibility. It may be a
                    feature that I haven't figured out. So I am saving pictures individually, which takes up some time.
                    But other than that, this software is amazing.",3,10-Oct,22-Sep-22
"Verified Reviewer


Verified LinkedIn User","""Most Required App For Our Memories ‚ù§Ô∏è !!!""
Overall: Fantastic !!!
Pros: - Backup our photos in a
                    secured way and access from anywhere and any device.
                    - Provides backup with compressed format without losing quality
                    - Sharing with our friends & family easily and effectively( No more bulk photos sending to
                    everyone).
                    - Easy to find a photo from our gallery with keywords.
                    - Mandatory app for those who wants to keep their memories with them forever.
Cons: - Initially they provided
                    these services with unlimited storage quota. But now, they restricted to account storage limit. Thus
                    enable us to have photos within the limit. They may increase free usage quota from 15GB to some
                    extra storage like 50GB. (Will be helpful for those who requires more storage)",5,10-Oct,8-Sep-22
"Verified Reviewer


Verified LinkedIn User","""mi experiencia usando Google Photos ""
Overall: me gusta mucho la app
                    me permite guardar todas mis fotos y momentos , compartir un grupo de fotos con las personas que se
                    encuentran ahi . tambien el identificador de rostros .
Pros: me agrada la forma tan
                    rapida de que se sinconisa las fotos de mi celular, la forma de organizar las fotos en albuns y
                    poder compartirlos con los demas , la linea de timepo de todas las fotos asi puedes guardar
                    recuerdos y saber la fecha y el lugar .
Cons: un poco de desorden en las
                    fotos de lineas de tiempo",5,10-Oct,16-Jun-23
"Maruf
                            √ñ.


Verified LinkedIn User","""Edit for Google Photos""
Pros: Google Photos is a
                    fantastic app for organizing and storing my photos. The free storage option is great, and its search
                    feature is impressive
Cons: However, recent changes to
                    the free storage policy are disappointing. It's becoming less cost-effective for users with large
                    photo libraries
Switched From: Adobe Photoshop",5,10-Sep,25-Sep-23
"Richie Faith Iris G.


Verified LinkedIn User","""Une bonne application pour sauvegarder les photos en
                    ligne √† dur√©e illimit√©e ""
Overall: J'enregistre mes
                    photos sur Google photos depuis des ann√©es. C'est avec plaisir que je les visualise apr√®s pour me
                    rem√©morer et partager des souvenirs avec mes proches. 
Pros: Possibilit√© de sauvegarder
                    les photos en ligne √† dur√©e illimit√©e et d'en avoir acc√®s partout et en tout moment.
                    Possibilit√© de se cr√©er des souvenirs au fil des ans sans perdre ses archives. 
Cons: Pas fonctionnelle hors de
                    la ligne
                    Donc impossible de visualiser les photos non t√©l√©charg√©es",5,10-Oct,23-Dec-23
keshav Y.,"""Simplifying Photo Management with Google Photos.""
Overall: Google photos
                    simplifies the management of digital photo collections, allowing users to focus on reliving and
                    sharing their precious memories.
Pros: Google photos allows users
                    to back up an enormous number of photos and videos without worrying about running out of space. It
                    also offers a wide range of editing tools and filters to enhance your photos.
Cons: AI powered search features
                    are impressive, but not perfect. It may occasionally misidentify people.",5,10-Oct,21-Jun-23
"Bruna
                            C.","""Integra√ß√£o com Android facilita o uso""
Overall: Uso desde que tenho
                    Android e sempre armazenei todas as minhas fotos l√°. Apenas de 2 anos para c√°, com a redu√ß√£o dos
                    GBs, tem ficado complicado armazenar tantas fotos.
Pros: N√£o precisar se preocupar
                    em salvar as fotos em algum lugar diferente do celular, com o backup autom√°tico e a gest√£o em nuvem,
                    faz do Google Photos a melhor op√ß√£o para quem tem Android.
Cons: Talvez s√≥ a quest√£o do
                    Google n√£o permitir muito espa√ßo gratuito, impacte o uso di√°rio.",3,10-Oct,12-Aug-23
"Verified Reviewer


Verified LinkedIn User","""Google photos is a great way to keep track of your
                    pictures""
Overall: Overall I love Google
                    photos and it usually backs up quickly and keeps everything backed up so that you never lose it and
                    you can always go online and grab whatever picture you need without using up the storage on your
                    device or pc
Pros: Whether it's a document or
                    product photos or family photos Google photos stores and organizes your photos by date and time and
                    it also has a search for photos feature that is really great you type in a keyword and it finds you
                    photos that match at key word that is awesome
Cons: The search for photos
                    program part needs a little work maybe a little AI integration sometimes it's hard to find it the
                    right keyword Bert to use to match the photo you're looking for Yet but you put in enough synonyms
                    it gets it right eventually",3,10-Oct,31-Oct-23
"Amanda M.


Verified LinkedIn User","""Number 1 Choice for Memory Keeping""
Overall: I have been using
                    Google Photos for years and years and most of the photos were auto uploaded by my cell phone(s)
                    which meant I was very lucky to not lose so many pictures!
Pros: I love the intuitive search
                    and face recognition that makes it so easy to find specific photos quickly.
Cons: Sometimes it can be tricky
                    to know how to archive, delete, or sort folders without losing them.",3,10-Oct,30-Oct-23
"Gioacchino T.


Verified LinkedIn User","""Essenziale""
Overall: Essendo utente
                    android √® da molto tempo che utilizzo Google Photos come servizio di salvataggio e backup nel cloud.
                    Google come al solito fa un ottimo lavoro con la disposizione e l'organizzazione delle foto e video
                    che si caricano sul software. Peccato per i soli 15gb gratuiti ma i piani di abbonamento non costano
                    poi troppo. Consigliatissimo!
Pros: Possibilit√† di fare il
                    backup delle proprie foto, presenza dei ricordi e di suddividere le foto in base alle proprie
                    preferenze
Cons: Purtroppo l'offerta
                    gratuita mette a disposizione solo 15 gb di memoria",5,10-Aug,7-Feb-24
"Verified Reviewer


Verified LinkedIn User","""Great tool for my all my photos""
Overall: I love this tool. It
                    store my photos in high quality and is easy to use. I love the way it has improved over time and
                    search functionality is great. Easy to store and put into folders too. Backing up works fine, but
                    exporting many photos at once can be a bit tricky. But otherwise excellent.
Pros: - easy to use with my phone
                    or laptop- stores thousands of images and many videos- fairly easy to find files- good and updated
                    search functionality
Cons: - exporting files can be a
                    bit fiddly- limited storage spacebut considering it is free it is a great tool",5,10-Oct,3-Nov-22
Mariana D.,"""Efficient""
Overall: efficient, very good,
                    and keeps the memories of life that I had, there are old photos there, things that I will be able to
                    show my son in the future.
Pros: I like to keep my photos
                    and videos, I can delete photos and videos from my cell phone without losing them, because they are
                    all stored in Google Photos. and my memory is not full.
Cons: I think it should be easier
                    to find a photo, but the app is able to store many photos, but it is difficult to find the photos.
                
Reasons for Switching to
                        Google Photos: Porque o app guarda mais coisas, e mais seguro.",5,10-Oct,29-Jan-23
"Verified Reviewer


Verified LinkedIn User","""Excellent tool for photo management""
Overall: A great program and
                    superb for photo storage. Brilliant for sharing and I love the way it shares fond memories of the
                    past. Backing up can be fiddly and I wish we could have a function where everything could be
                    downloaded and stored all at once.
Pros: Easy to use and great way
                    to store my photos from my phoneI love the photo memories I see on the screen - lovely remindersCute
                    ideas and suggestions
Cons: Not much free storage
                    spaceBack up options a bit restrictive ideally need to be able to download everything at once and
                    save it",4,10-Aug,27-Oct-22
Swapnil M.,"""Best alternative for iCloud""
Overall: Great service, easy
                    to use apps and inexpensive cloud storage.
Pros: It is a good competitor for
                    Apple‚Äôs iCloud platform. Easy to use on PC, tablet and mobile and always available. Even buying more
                    storage is not too expensive. Love the product.
Cons: Only one thing, does not
                    integrate with Photos app on iPhone.
Switched From: iCloud
Reasons for Switching to
                        Google Photos: Actually I use both of these",5,10-Oct,5-Jun-22
"Ali
                            Hossein K.","""Google photos review""
Overall: I like using google
                    photos and my opinion about it is very positive and it makes my life much more easier when I don't
                    need to worry about every photo if I accidentally delete it from my gallery it's still in google
                    photos and that gives me a lot of peace of mind.
Pros: I like how fast it uploads
                    and back ups my photos and videos in to the cloud and that I don't need to worry about losing them.
                
Cons: Well it also stores
                    screenshots which only takes more space and can't be removed from the backup list.",3,10-Oct,24-Aug-22
"Ananthu Krishnan S.


Verified LinkedIn User","""Best cloud storage for photos and videos.""
Overall: A great application
                    for who take too many photos and don't want to lose any.
Pros: Google photos can identify
                    peoples and objects in photos and it can show all photos which have a particular person in it.
Cons: UI is bit confusing , other
                    that all good.",3,10-Sep,28-Apr-23
"stephane M.


Verified LinkedIn User","""test google photo""
Overall: for maps the
                    experience with google photo is good I can easily access stored memories that I can easily retrieve
                    without losing image or video quality
Pros: instant backup and the
                    possibility of being able to recover memories easily in our cloud and also the preservation of the
                    quality of the photos no loss
Cons: the only problem is in
                    terms of data consumption when you switch to 4g on your mobile for example it requires a certain
                    internet connection",3,10-Aug,22-Oct-22
Courtney R.,"""Easy to use but wish it synced with Google Drive""
Pros: We love using Google photos
                    to store and share photos. We create folders to share and organize photos and videos for marketing
                    and training. 
Cons: I wish it would sync with
                    google drive for easier organization.",5,10-Sep,16-Jun-23
Fabian L.,"""Google Photos - Secure Photo Backup Solution""
Overall: Overall my experience
                    has been wonderful.
Pros: Google Photos is a gem of a
                    tool. I love how it enables me to save, view and edit photos from my library for an infinite time.
                    It enables us to add names to faces in images, create short movies with images and clips from videos
                    and it even sends notifications of anniversaries of photos taken years ago.
Cons: I am yet to find a
                    noteworthy issue with this software.",5,10-Oct,9-Aug-22
"Verified Reviewer


Verified LinkedIn User","""Google Photos- A must have for every phone""
Overall: Google Photos is a
                    great competitor for iCloud; it is easy to use, smart technology that makes it easier to optimize
                    your cloud storage experience, and great for all devices.
Pros: I liked a lot of Google
                    Photo's features. Google Photos has amazing built in features, an accurate algorithm to detect
                    faces, has highlight features, and is wonderful for backing up photos. Google Photos can easily be
                    used on different devices, and it is easy to share photos with others with your Google account.
                    Photos can easily be backed up and restored if deleted, and with the smart tools on Google Photos,
                    it is easy to organize, search for, and edit photos.
Cons: Sometimes Google Photos
                    diminishes the quality of photos, and the editing tools are basic, but this isn't a major problem.",5,10-Sep,19-Jul-22
"Luca
                            T.","""Archiviazione rapida e sicura dei tuoi file multimediali""
                
Overall: Molto positiva. Anche
                    in versione App molto intuitiva e con elevata usabilit√†.
Pros: Possibilit√† di archiviare
                    in modo automatico e veloce i tuoi file multimediali
Cons: Potrebbe essere
                    implementata una funzione per l'archiviazione offline, senza collegarsi all'app.
Switched From: Dropbox Business
Reasons for Switching to
                        Google Photos: Per la maggior usabilit√†.",5,10-Sep,3-Nov-22
"Pedro
                            C.


Verified LinkedIn User","""Excelente backup ""
Pros: Excelente ferramenta para
                    guardar as fotos que tiramos com o telem√≥vel.
Cons: Dever√≠amos poder escolher o
                    tamanho da compacta√ß√£o das fotos, por vezes gostaria de ter a foto no tamanho original.",3,10-Sep,21-Apr-23
"Leo
                            V.","""Google Photos review""
Overall: My Use of Gogle
                    Photos is Pessoal. it Help me to organize my photos.
Pros: Syncronization is very
                    fast. Vey easy to use.
Cons: I Don¬¥t have Cons About
                    Google Photos. It Functions very whell.",3,10-Oct,18-Sep-23
Samuel A.,"""Efficient Photo Storage with Backup""
Overall: Convenient solution
                    for photo storage and organization.
Pros: Automatic backup,
                    intelligent organization features.
Cons: Compression for free
                    storage, potential data privacy issues.",3,10-Aug,1-May-23
"Edin
                            T.


Verified LinkedIn User","""Actually good""
Overall: Within all the time I
                    have use it I love and can not find any better cloud software for pictures/photos
Pros: The best asset of the
                    product is that you can use it at any smartphone or tablet that you have, it doesn‚Äôt matter if it‚Äôs
                    iOS or android it will work just fine.
Cons: Sometimes it lowers the
                    quality of the photos uploaded to the cloud.",5,10-Oct,29-May-22
"Verified Reviewer


Verified LinkedIn User","""Google photos s'int√®gre a la perfection sur Android ""
                
Overall: Globalement positive.
                    Je l'utilise au quotidien pour g√©rer mes photos 
Pros: Permet la synchronisation,
                    la compression et le stockage de mes images et photos. M'envoie √©galement des rappels pour les
                    anniversaires de prise de photos.
Cons: Pas grand chose. Il ne
                    s'int√®gre pas aussi bien sur un environnement Windows ou Apple",5,10-Oct,20-Oct-22
"Anmol
                            M.","""Google photos review""
Pros: I like the free cloud
                    storage available in this app 
Cons: There is no disadvantage of
                    using google photos",5,10-Oct,3-Feb-24
"Lara
                            C.","""Fotos""
Pros: O google fotos se tornou
                    app indispens√°vel em todos os telefones celulares que eu utilizo, n√£o tenho preocupa√ß√£o em trocar de
                    celular pois sei que minhas fotos estar√£o salvas na minha conta.
Cons: poderia melhorar na quest√£o
                    de salvar as molduras que app faz.",5,10-Oct,21-Aug-22
Cl√°udia T.,"""Sempre pr√≥ximo de grande utilidade""
Overall: Muito pr√°tico para
                    ver as suas fotos e v√≠deos.
Pros: Muito f√°cil de editar as
                    fotos. Para quem gosta de fotos a sua instala√ß√£o nos telem√≥veis √© indispens√°vel.
Cons: Deveria ter mais algumas
                    funcionalidades no formato de edi√ß√£o. Provavelmente a sua evolu√ß√£o passar√° por isso mesmo.",3,10-Aug,24-Nov-22
"Maria
                            angelica H.


Verified LinkedIn User","""Sin duda en lo personal es lo mejor en nube ""
Overall: me encanta, para mi
                    es el mejor software en la nube para im√°genes/fotos
Pros: Lo puedo usar en cualquier
                    tel√©fono inteligente o tableta que tenga, no importa si es iOS o Android, siempre funcionar√° bien
                
Cons: Hay ocasiones en las que
                    baja la calidad de las fotos o videos.",3,10-Oct,19-Nov-22
"Esther T.


Verified LinkedIn User","""Memories are kept fresh ""
Overall: The experience has
                    been superb because file sharing has been made easier and memories have been kept fresh. I will
                    always choose Google photos.
Pros: Google photos enables
                    members to share files easily and enjoy the background music while browsing through the
                    files.Fantastic!
Cons: Sometimes when one tries to
                    delete a specific file the rest also get deleted without being notified.Otherwise most of the
                    features work just well.",3,10-Oct,22-Aug-23
Nhlanhla Lucky Luthuli L.,"""Google Photos Features Review""
Overall: Greatest experience
                    great memories still saved to date many lost souls but google photos keeps them alive forever.
Pros: Easy to use but my greatest
                    feature is the automatic backup saves a good memories even gives you reminders on the memories on
                    the exact date even after 6 years i still get those reminders
Cons: Trial version has limited
                    space however its good for someone who does not have much photos to backup.",5,10-Sep,13-Jan-24
"Verified Reviewer


Verified LinkedIn User","""Eine gute Software um Speicher auf dem Handy zu sparen""
                
Overall: Es ist eine sehr gute
                    Methode um Speicher zu sparen, Und es ist kostenlos nutzbar
Pros: Dass man die Software
                    kostenlos nutzen kann,Und somit Speicher sparen kann
Cons: Dass das Archivieren und
                    speichern manchmal nicht reibungslos funktioniert.",5,10-Oct,31-Oct-22
"Jakob
                            H.","""Google Photo""
Pros: Google Photos is great for
                    not only backing up your photos but generally storing them, it saves a lot of space on your phone's
                    storage.
Cons: I wish it would be easier
                    to connect with other Google products.",5,10-Oct,6-Aug-22
Shameem W.,"""Google photos - great for photo storage ""
Overall: Google photos is
                    great for photo storage. You can back up multiple users photos to one account. The editing options
                    however are limited and pretty basic. The first 15 Gigs are free and after you have to at for more
                    space. 
Pros: - can choose the quality
                    you would like to store your photos
                    - can backup another users photo to one account so that all photos are together in chronological
                    order
                    - search feature makes it easy to locate photos 
Cons: - the options for editing
                    photos is very limited and basic.
                    - access to photos without an internet connection is limited
                    - there is a fee for storage over 15G",5,10-Aug,30-Jun-22
"Elsa
                            G.","""Guardo todas mis fotos f√°cilmente""
Pros: Tanto en mi d√≠a a d√≠a
                    personal como laboral, uso esta herramienta para guardar todas mis fotos y las de los clientes.
                    Indispensable.
Cons: El l√≠mite de tama√±o, pero
                    con la opci√≥n de pago tienes m√°s espacio",5,10-Oct,5-Dec-22
"Dauzrion D.


Verified LinkedIn User","""Best Photo Storage Option!""
Pros: What I love most about this
                    software is that the storage is free!
Cons: I have no complaints about
                    this software being that I use it for both personal and business related photos.",3,10-Oct,23-Aug-22
"Buffy
                            I.


Verified LinkedIn User","""Google Photo's""
Overall: Absolutely love
                    Google photos!
Pros: All the ease to use
                    features of editing my photos to storing them in folder that is so easy to access!
Cons: I cant find one thing I
                    dislike about it!.",3,10-Oct,23-Aug-22
Marieken V.,"""Great application for storing all my important pictures""
                
Overall: Good overall
                    experience and an application I use daily
Pros: It's intuitive to use and
                    pictures can be shared and saved to other applications
Cons: Mybe the editing features
                    are a bit basic",3,10-Oct,11-Sep-22
"Maik
                            A.


Verified LinkedIn User","""Compartilhamento de fotos de alta qualidade com
                    facilidade""
Overall: Soluciono o
                    compartilhamento de fotos dos eventos da escola
Pros: Compartilhamento e
                    armazenamento de fotos facilitado, gosto muito que a qualidade das fotos ficam at√© melhores, e a
                    cria√ß√£o de √°lbum facilita o acesso doa pais
Cons: As vezes queremos apagar
                    uma foto da nuvem, a possibilidade de excluir ela direto do album seria muito boa",5,10-Oct,18-Jun-23
"crane
                            H.","""I've been loving Google Photos for as long as I
                    remember.""
Overall: I love this
                    application. I have been using it for over 5 years and so far I have never had any issues with it.
                
Pros: Real time synching of
                    photos not only saves one time but a lot of great important content one would love to save for
                    future use and to refresh memories.
Cons: The storage space is a bit
                    less , I wish it could be increased .",5,10-Oct,6-Nov-22
Jacinta K.,"""Best App to Store Your Memories! ""
Overall: I have had an amazing
                    experience using this application. I have saved precious memories of my friends and family. 
Pros: Google Photos allows you to
                    upload and store your photos and videos for a long period of time. It allows you to upload your
                    gallery to the cloud automatically via Wi-Fi or cellular data. It also shows the names of the people
                    present in photos. Even if you accidentally lose your phone, you can still access your stored photos
                    and videos once you install the app in your new phone and log into your Google account. 
Cons: It is hard to locate photos
                    fast because you have to scroll through months or even years of saved photos which can be tiresome.",5,10-Oct,19-Sep-22
Prajakta J.,"""Great cloud backup solution for photos!""
Pros: Ease of useShearing with
                    colleagues and friends Automatic back up and upload
Cons: Photos once upload take
                    longer to show the image icons.",5,10-Oct,14-Jan-23
"Abdul
                            J.","""Google photos""
Overall: Overall i like it.
                
Pros: Because it save my all pics
                    and data.and i feel it very secure
Cons: In this app 15 gb photos
                    and video data backup.",5,10-Oct,17-Jul-22
"Rach
                            H.","""Great Photo Back Up""
Overall: It's great
Pros: Google Photos are easy to
                    upload as it was connected with Gmail and or Google.It is stable and global storage. Google Photos
                    are safe and are universal - marketwise.
Cons: None so far, everything
                    with Google Photos is good and user friendly. It has handy features.",3,10-Oct,10-Oct-23
Burhan K.,"""Very usefull software to use ""
Overall: Easy and excellent
                    tools to use 
Pros: Storage is the most I liked
                    it of this.... 
Cons: Gives all the information
                    of the photo....",3,10-Oct,27-Jul-22
"Bholeswar S.


Verified LinkedIn User","""Faster way to edit photos""
Pros: The automatic photo editing
                    feature is a great deal for people who have less skill on editing. Ad it allows to save photo
                    directly in google cloud and run phone smoothly.
Cons: There are only very less
                    editing filters, It should be improved.",3,10-Jul,16-Nov-22
"Miri
                            L.","""Best for ease of access""
Pros: It's easy to access, and
                    it's linked to your google account where you probably have your gmail, calendar and more.
Cons: drag and drop and also the
                    scrolling can freeze your computer",5,10-Oct,24-Aug-22
Nirmal K.,"""Doesn't miss any good moments!""
Pros: This app was the best for
                    saving photos into Cloud. It was more convenient before Google brought a limitation on the storage
                    of the account.
Cons: Cloud syncing with the
                    gallery of the smartphone is a mess. When the photo or video is removed from the Gallery app of the
                    mobile, the same does not get removed the Google Photos. As a result, the gallery in Google Photos
                    gets filled with unnecessary photos",5,10-Aug,28-Jul-22
"In√™s
                            E.","""Cloud de fotos do android""
Pros: organzia√ß√£o por data e
                    local das minhas fotos e videos de forma automatica e r√°pida
Cons: Erros constantes de
                    sincroniza√ß√£o de conta nos meus diversos dispositivos.",5,10-Jul,17-Mar-23
"Alexus M.


Verified LinkedIn User","""Great For Storage ""
Pros: I like that I have an extra
                    place to store my files. I can easily share my files across all of my devices. 
Cons: There is a limit to how
                    much you can upload.",5,10-Oct,9-Sep-22
"Neha
                            M.


Verified LinkedIn User","""Best in market""
Pros: Helps identify and track
                    photos using face recognition
                    Compressed images online save a lot of storage space and can be retrieved to original size in no
                    time
                
Cons: The free version only
                    offers 15 GB which is very less for photos and videos considering today's high resolution picture
                    quality",4,10-Jul,30-Sep-22
"Verified Reviewer


Verified LinkedIn User","""Not as Easy as I'd Like""
Pros: Google Photos makes it
                    really easy to share photos with colleagues, friends, family, etc. When you have to app, it makes it
                    even easier. If you have Gmail, it makes it even easier!
Cons: I have an iPhone and I find
                    it hard to save the photos to my iPhone library. I have googled this and tried multiple ways, an I
                    still have not gotten it to work. This is my main issue with it.",3,10-Jul,8-Jul-22
"Mark
                            A.","""Great photo storage app""
Pros: I like how I can order
                    photo prints to local stores directly from my phone or laptop
Cons: I don't like how my storage
                    is limited unless I pay for extra storage",3,10-Jun,20-Nov-22
"John
                            S.","""Poco Friendly - Tienes que leerte un mont√≥n de p√°ginas
                    para descubrir como te puedes bajar fotos""
Overall: Suy un usuario
                    privado. Realmente, no me resuelve m√°s problema que el de la capacidad de almacenamiento de mi PC
                
Pros: Organizaci√≥n de las fotos.
                    Este es un ejemplo de que no me dan libertad para escribir lo que quera.
Cons: Si quieres tener copia de
                    las fotos en tu ordenador, es complicad√≠simo. Cuando consigues descarg√°rtelas, de dan un formato zip
                    que no se puede leer por el programa wil zip que me baj√© de la web.
Reasons for Choosing
                        Google Photos: Parec√≠a que ofrec√≠a facilidades, pero luego no es as√≠.",3,10-Apr,20-Dec-22
